text,label
Grab cash while supplies last,1
Receive cash before it expires,1
Earn money while supplies last,1
Discussion with management starts at 10,0
Planning about the proposal has been arranged,0
Update regarding the budget is important,0
Earn voucher instantly,1
Lunch for the client is important,0
Presentation this afternoon is important,0
Access gift while supplies last,1
Claim offer limited time only,1
Session about the project has been arranged,0
Meeting at the office is important,0
Receive prize with one click,1
Report for tomorrow starts at 10,0
Session this afternoon will take place,0
Discover cash instantly,1
Discussion regarding the budget is confirmed,0
Win discount before it expires,1
Earn reward before it expires,1
Presentation regarding the budget is important,0
Discover discount instantly,1
Update about the project will take place,0
Discover offer limited time only,1
Grab prize before it expires,1
Discover prize now,1
Unlock discount before it expires,1
Win gift limited time only,1
Update for tomorrow is confirmed,0
Discussion next week is optional,0
Earn deal before it expires,1
Grab reward today,1
Win voucher before it expires,1
Access bonus with one click,1
Call regarding the budget is scheduled,0
Report about the proposal is postponed,0
Planning regarding the budget requires preparation,0
Report this afternoon is scheduled,0
Update at the office has been arranged,0
Access gift before it expires,1
Secure gift instantly,1
Presentation regarding the budget will take place,0
Win prize guaranteed,1
Claim prize without effort,1
Update this afternoon has been arranged,0
Review about the proposal has been arranged,0
Win discount instantly,1
Unlock offer guaranteed,1
Discussion for tomorrow requires preparation,0
Secure cash today,1
Presentation for tomorrow is scheduled,0
Report for tomorrow has been arranged,0
Receive cash without effort,1
Session regarding the budget is scheduled,0
Review regarding the budget is optional,0
Grab money risk free,1
Presentation with the team has been arranged,0
Win money while supplies last,1
Call this afternoon will take place,0
Win money while supplies last,1
Meeting for tomorrow is optional,0
Earn reward instantly,1
Access deal guaranteed,1
Secure deal today,1
Receive bonus without effort,1
Session next week is scheduled,0
Get prize with one click,1
Lunch at the office will take place,0
Get discount without effort,1
Lunch this afternoon is postponed,0
Grab gift while supplies last,1
Update regarding the budget requires preparation,0
Meeting regarding the budget starts at 10,0
Discover money before it expires,1
Session next week requires preparation,0
Session at the office is optional,0
Win gift with one click,1
Session this afternoon is important,0
Call with management is scheduled,0
Planning about the proposal will take place,0
Earn deal without effort,1
Win cash now,1
Unlock reward guaranteed,1
Review regarding the budget is postponed,0
Update for the client is important,0
Earn gift instantly,1
Report with management will take place,0
Unlock bonus now,1
Discussion about the proposal starts at 10,0
Win bonus today,1
Get discount with one click,1
Planning about the proposal requires preparation,0
Call regarding the budget is scheduled,0
Grab cash now,1
Earn deal while supplies last,1
Meeting next week has been arranged,0
Report this afternoon is optional,0
Unlock cash while supplies last,1
Secure discount now,1
Presentation about the proposal is postponed,0
Grab bonus limited time only,1
Secure deal risk free,1
Review this afternoon starts at 10,0
Meeting with management has been arranged,0
Update with the team is optional,0
Session regarding the budget requires preparation,0
Secure bonus while supplies last,1
Receive voucher limited time only,1
Discussion for the client is mandatory,0
Presentation with management is important,0
Report regarding the budget is optional,0
Discover reward without effort,1
Presentation for the client is confirmed,0
Lunch at the office is scheduled,0
Earn reward with one click,1
Planning for tomorrow is postponed,0
Grab money limited time only,1
Earn offer today,1
Discussion with the team is important,0
Grab discount instantly,1
Access voucher instantly,1
Discussion about the proposal is scheduled,0
Session about the proposal is confirmed,0
Lunch for the client is important,0
Access gift risk free,1
Secure discount while supplies last,1
Update with the team is postponed,0
Discussion with the team starts at 10,0
Grab offer without effort,1
Discover deal risk free,1
Report next week will take place,0
Discover gift with one click,1
Unlock bonus limited time only,1
Session with management requires preparation,0
Discover reward with one click,1
Presentation this afternoon requires preparation,0
Receive reward without effort,1
Session regarding the budget is mandatory,0
Grab offer without effort,1
Update this afternoon is scheduled,0
Review at the office is mandatory,0
Planning about the project is optional,0
Presentation with the team is important,0
Secure reward risk free,1
Earn bonus before it expires,1
Discover deal without effort,1
Win voucher limited time only,1
Review at the office requires preparation,0
Discover bonus now,1
Win discount before it expires,1
Session about the proposal is important,0
Session for the client is confirmed,0
Get money while supplies last,1
Secure money guaranteed,1
Get gift today,1
Claim cash limited time only,1
Presentation regarding the budget requires preparation,0
Session about the proposal is scheduled,0
Win reward today,1
Grab deal today,1
Report at the office has been arranged,0
Planning this afternoon is postponed,0
Meeting with the team starts at 10,0
Call next week will take place,0
Discover reward with one click,1
Secure reward now,1
Planning about the project requires preparation,0
Earn deal limited time only,1
Review this afternoon has been arranged,0
Grab money now,1
Win money risk free,1
Secure reward now,1
Access cash guaranteed,1
Win prize now,1
Presentation about the proposal has been arranged,0
Meeting regarding the budget is optional,0
Session this afternoon is important,0
Earn prize instantly,1
Presentation about the proposal has been arranged,0
Meeting for the client is mandatory,0
Receive deal guaranteed,1
Win bonus guaranteed,1
Meeting with the team will take place,0
Report this afternoon is scheduled,0
Meeting with management requires preparation,0
Meeting regarding the budget is confirmed,0
Unlock bonus risk free,1
Discussion about the project is important,0
Claim offer instantly,1
Secure cash with one click,1
Review this afternoon is scheduled,0
Report with the team is scheduled,0
Get offer today,1
Planning about the proposal requires preparation,0
Get gift now,1
Update about the project is postponed,0
Access gift guaranteed,1
Win bonus limited time only,1
Session about the proposal is scheduled,0
Presentation this afternoon is important,0
